{
    "metadata":{
        "faces":12,
        "type":"Geometry",
        "materials":1,
        "version":3,
        "generator":"io_three",
        "vertices":24
    },
    "materials":[{
        "colorDiffuse":[0.64,0.64,0.64],
        "DbgName":"Material.001",
        "colorSpecular":[0.5,0.5,0.5],
        "blending":"NormalBlending",
        "DbgIndex":0,
        "depthWrite":true,
        "shading":"phong",
        "DbgColor":15658734,
        "colorEmissive":[0,0,0],
        "wireframe":false,
        "opacity":1,
        "visible":true,
        "transparent":false,
        "specularCoef":50,
        "depthTest":true
    }],
    "vertices":[1,-1,1,-1,-1,-1,1,-1,-1,-1,1,-1,0.999999,1,1,1,1,-0.999999,-1,-1,1,-1,1,1,-1,1,-1,-1,1,-1,1,1,-0.999999,1,1,-0.999999,1,-1,1,1,-1,1,0.999999,1,1,0.999999,1,1,1,-1,-1,1,-1,-1,-1,1,1,-1,1,1,-1,-1,-1,-1,-1,-1,-1,-1,1,-1,-1,1],
    "name":"Cube_Cube_MaterialGeometry.1",
    "faces":[2,0,21,2,0,2,9,15,10,0,2,11,12,17,0,2,14,23,13,0,2,22,8,20,0,2,16,3,5,0,2,0,6,21,0,2,9,18,15,0,2,11,4,12,0,2,14,19,23,0,2,22,7,8,0,2,16,1,3,0]
}